[
    {
        "id": 1,
        "firstName": "Ahmad",
        "lastName": "Al-Maadeed",
        "dateOfBirth": "1990-05-15",
        "country": "Qatar",
        "email": "ahmed.althani@example.com",
        "username": "ahmad",
        "password": "password123",
        "preferredMovieId": 1,
        "preferredTVShowId": null
    },
    {
        "id": 2,
        "firstName": "Maryam",
        "lastName": "Al-Attiyah",
        "dateOfBirth": "1985-11-20",
        "country": "Qatar",
        "email": "maryam.attiyah@example.com",
        "username": "maryamattiyah",
        "password": "pass456",
        "preferredMovieId": null,
        "preferredTVShowId": 3
    },
    {
        "id": 3,
        "firstName": "Fatima",
        "lastName": "Al-Kuwari",
        "dateOfBirth": "1992-07-10",
        "country": "Qatar",
        "email": "fatima.k@example.com",
        "username": "fatima",
        "password": "emma123",
        "preferredMovieId": 2,
        "preferredTVShowId": 3
    }
]